{"cameraMode":{"drawMode":0,"name":"Shaded","section":"Shading Mode"},"sceneLighting":true,"audioPlay":false,"sceneViewState":{"m_AlwaysRefresh":false,"showFog":true,"showSkybox":true,"showFlares":true,"showImageEffects":true,"showParticleSystems":true,"showVisualEffectGraphs":true,"m_FxEnabled":true},"in2DMode":false,"pivot":{"x":0.3496696949005127,"y":0.5776491165161133,"z":0.08694684505462647},"rotation":{"x":0.07194173336029053,"y":-0.46263816952705386,"z":0.03770460560917854,"w":0.8828475475311279},"size":2.4130773544311525,"orthographic":false}