{"cameraMode":{"drawMode":0,"name":"Shaded","section":"Shading Mode"},"sceneLighting":true,"audioPlay":false,"sceneViewState":{"m_AlwaysRefresh":false,"showFog":true,"showSkybox":true,"showFlares":true,"showImageEffects":true,"showParticleSystems":true,"showVisualEffectGraphs":true,"m_FxEnabled":true},"in2DMode":false,"pivot":{"x":-1.1454997062683106,"y":1.5983463525772095,"z":1.3787450790405274},"rotation":{"x":0.04850171506404877,"y":-0.3247455358505249,"z":0.01668003387749195,"w":0.9444370865821838},"size":4.137511253356934,"orthographic":false}