{"cameraMode":{"drawMode":0,"name":"Shaded","section":"Shading Mode"},"sceneLighting":true,"audioPlay":false,"sceneViewState":{"m_AlwaysRefresh":false,"showFog":true,"showSkybox":true,"showFlares":true,"showImageEffects":true,"showParticleSystems":true,"showVisualEffectGraphs":true,"m_FxEnabled":true},"in2DMode":false,"pivot":{"x":-6.794796943664551,"y":-10.563802719116211,"z":-13.562559127807618},"rotation":{"x":0.06834706664085388,"y":-0.9309700131416321,"z":0.27155250310897829,"w":0.23435847461223603},"size":14.857626914978028,"orthographic":false}