{"cameraMode":{"drawMode":0,"name":"Shaded","section":"Shading Mode"},"sceneLighting":true,"audioPlay":false,"sceneViewState":{"m_AlwaysRefresh":false,"showFog":true,"showSkybox":true,"showFlares":true,"showImageEffects":true,"showParticleSystems":true,"showVisualEffectGraphs":true,"m_FxEnabled":true},"in2DMode":false,"pivot":{"x":0.5620088577270508,"y":2.3143255710601808,"z":3.2353157997131349},"rotation":{"x":0.05145532265305519,"y":0.7276031374931336,"z":-0.054896824061870578,"w":0.6818968057632446},"size":11.119165420532227,"orthographic":false}