{"cameraMode":{"drawMode":0,"name":"Shaded","section":"Shading Mode"},"sceneLighting":true,"audioPlay":false,"sceneViewState":{"m_AlwaysRefresh":false,"showFog":true,"showSkybox":true,"showFlares":true,"showImageEffects":true,"showParticleSystems":true,"showVisualEffectGraphs":true,"m_FxEnabled":true},"in2DMode":false,"pivot":{"x":-0.02741563320159912,"y":0.5694388747215271,"z":-0.7857529520988464},"rotation":{"x":0.18808840215206147,"y":-0.7372844815254211,"z":0.2283293604850769,"w":0.6074077486991882},"size":0.5660253763198853,"orthographic":false}