{"cameraMode":{"drawMode":0,"name":"Shaded","section":"Shading Mode"},"sceneLighting":true,"audioPlay":false,"sceneViewState":{"m_AlwaysRefresh":false,"showFog":true,"showSkybox":true,"showFlares":true,"showImageEffects":true,"showParticleSystems":true,"showVisualEffectGraphs":true,"m_FxEnabled":true},"in2DMode":false,"pivot":{"x":0.15457677841186524,"y":-0.4680030345916748,"z":5.844796180725098},"rotation":{"x":-0.049462273716926578,"y":-0.11450992524623871,"z":0.005707098636776209,"w":-0.9921906590461731},"size":7.70639181137085,"orthographic":false}