{"cameraMode":{"drawMode":0,"name":"Shaded","section":"Shading Mode"},"sceneLighting":true,"audioPlay":false,"sceneViewState":{"m_AlwaysRefresh":false,"showFog":true,"showSkybox":true,"showFlares":true,"showImageEffects":true,"showParticleSystems":true,"showVisualEffectGraphs":true,"m_FxEnabled":true},"in2DMode":false,"pivot":{"x":1.1026313304901124,"y":-1.2263457775115967,"z":-0.00870850682258606},"rotation":{"x":0.22666573524475099,"y":0.7083019614219666,"z":-0.2608150839805603,"w":0.6155949831008911},"size":10.126322746276856,"orthographic":false}