{"cameraMode":{"drawMode":0,"name":"Shaded","section":"Shading Mode"},"sceneLighting":true,"audioPlay":false,"sceneViewState":{"m_AlwaysRefresh":false,"showFog":true,"showSkybox":true,"showFlares":true,"showImageEffects":true,"showParticleSystems":true,"showVisualEffectGraphs":true,"m_FxEnabled":true},"in2DMode":false,"pivot":{"x":1.1128041744232178,"y":-3.4001169204711916,"z":2.4229774475097658},"rotation":{"x":-0.3264789283275604,"y":-0.06176028773188591,"z":0.02138325572013855,"w":-0.9429603219032288},"size":15.895034790039063,"orthographic":false}